recorded_at,main_hours,afk_hours
2026-09-27T09:26:00Z,18764.0,1497.6
2026-09-27T09:58:52Z,18764.5,1497.6
2026-09-27T10:17:24Z,18764.8,1497.6
2026-09-27T11:15:39Z,18764.9,1497.6
2026-09-27T19:14:30Z,18765.9,1497.6
2026-09-27T20:18:05Z,18766.9,1497.6
2026-09-27T21:16:12Z,18767.9,1497.6
2026-09-27T22:16:44Z,18768.9,1497.6
2026-09-27T23:16:22Z,18769.9,1497.6
2026-09-28T00:59:15Z,18771.4,1497.6
2026-09-28T01:40:45Z,18772.4,1497.6
2026-09-28T02:35:17Z,18772.9,1497.6
2026-09-28T03:27:49Z,18773.9,1497.6
2026-09-28T04:25:35Z,18774.9,1497.6
2026-09-28T05:21:59Z,18775.9,1497.6
2026-09-28T06:46:54Z,18777.4,1497.6
2026-09-28T07:38:11Z,18778.4,1497.6
2026-09-28T08:34:31Z,18778.9,1497.6
